Model,Optimizer,Iteration,Best_Score_So_Far
AdaBoost,TPE,1,0.9129166666666666
AdaBoost,TPE,2,0.9129166666666666
AdaBoost,TPE,3,0.9129166666666666
AdaBoost,TPE,4,0.9129166666666666
AdaBoost,TPE,5,0.9129166666666666
AdaBoost,TPE,6,0.9129166666666666
AdaBoost,TPE,7,0.9129166666666666
AdaBoost,TPE,8,0.9129166666666666
AdaBoost,TPE,9,0.9495208333333334
AdaBoost,TPE,10,0.9495208333333334
AdaBoost,TPE,11,0.9495208333333334
AdaBoost,TPE,12,0.9495208333333334
AdaBoost,TPE,13,0.9499166666666669
AdaBoost,TPE,14,0.9499166666666669
AdaBoost,TPE,15,0.9499166666666669
AdaBoost,TPE,16,0.9499166666666669
AdaBoost,TPE,17,0.9499166666666669
AdaBoost,TPE,18,0.9499166666666669
AdaBoost,TPE,19,0.9499166666666669
AdaBoost,TPE,20,0.9499166666666669
AdaBoost,TPE,21,0.9499166666666669
AdaBoost,TPE,22,0.9499166666666669
AdaBoost,TPE,23,0.9499166666666669
AdaBoost,TPE,24,0.9499166666666669
AdaBoost,TPE,25,0.9499166666666669
AdaBoost,TPE,26,0.9499166666666669
AdaBoost,TPE,27,0.9499166666666669
AdaBoost,TPE,28,0.9499166666666669
AdaBoost,TPE,29,0.9499166666666669
AdaBoost,TPE,30,0.9499166666666669
AdaBoost,TPE,31,0.9499166666666669
AdaBoost,TPE,32,0.9499166666666669
AdaBoost,TPE,33,0.9499166666666669
AdaBoost,TPE,34,0.9499166666666669
AdaBoost,TPE,35,0.9499166666666669
AdaBoost,TPE,36,0.9499166666666669
AdaBoost,TPE,37,0.9499166666666669
AdaBoost,TPE,38,0.9499166666666669
AdaBoost,TPE,39,0.9499166666666669
AdaBoost,TPE,40,0.9499166666666669
AdaBoost,TPE,41,0.9499166666666669
AdaBoost,TPE,42,0.950125
AdaBoost,TPE,43,0.950125
AdaBoost,TPE,44,0.950125
AdaBoost,TPE,45,0.950125
AdaBoost,TPE,46,0.9502916666666664
AdaBoost,TPE,47,0.9502916666666664
AdaBoost,TPE,48,0.9502916666666664
AdaBoost,TPE,49,0.9502916666666664
AdaBoost,TPE,50,0.9502916666666664
AdaBoost,GWO,1,0.8785208333333333
AdaBoost,GWO,2,0.8785208333333333
AdaBoost,GWO,3,0.8948541666666667
AdaBoost,GWO,4,0.8948541666666667
AdaBoost,GWO,5,0.9184583333333332
AdaBoost,GWO,6,0.9184583333333332
AdaBoost,GWO,7,0.9184583333333332
AdaBoost,GWO,8,0.952
AdaBoost,GWO,9,0.952
AdaBoost,GWO,10,0.952
AdaBoost,GWO,11,0.952
AdaBoost,GWO,12,0.952
AdaBoost,GWO,13,0.952
AdaBoost,GWO,14,0.952
AdaBoost,GWO,15,0.952
AdaBoost,GWO,16,0.952
AdaBoost,GWO,17,0.952
AdaBoost,GWO,18,0.952
AdaBoost,GWO,19,0.952
AdaBoost,GWO,20,0.952
AdaBoost,GWO,21,0.952
AdaBoost,GWO,22,0.952
AdaBoost,GWO,23,0.952
AdaBoost,GWO,24,0.952
AdaBoost,GWO,25,0.952
AdaBoost,GWO,26,0.952
AdaBoost,GWO,27,0.952
AdaBoost,GWO,28,0.952
AdaBoost,GWO,29,0.952
AdaBoost,GWO,30,0.952
AdaBoost,GWO,31,0.952
AdaBoost,GWO,32,0.952
AdaBoost,GWO,33,0.952
AdaBoost,GWO,34,0.952
AdaBoost,GWO,35,0.952
AdaBoost,GWO,36,0.952
AdaBoost,GWO,37,0.952
AdaBoost,GWO,38,0.952
AdaBoost,GWO,39,0.952
AdaBoost,GWO,40,0.952
AdaBoost,GWO,41,0.952
AdaBoost,GWO,42,0.952
AdaBoost,GWO,43,0.952
AdaBoost,GWO,44,0.952
AdaBoost,GWO,45,0.952
AdaBoost,GWO,46,0.952
AdaBoost,GWO,47,0.952
AdaBoost,GWO,48,0.952
AdaBoost,GWO,49,0.952
AdaBoost,GWO,50,0.952
CB,TPE,1,0.9837291666666664
CB,TPE,2,0.9879583333333332
CB,TPE,3,0.9879583333333332
CB,TPE,4,0.9879583333333332
CB,TPE,5,0.9879583333333332
CB,TPE,6,0.9879583333333332
CB,TPE,7,0.9879583333333332
CB,TPE,8,0.9883541666666668
CB,TPE,9,0.9883541666666668
CB,TPE,10,0.9883541666666668
CB,TPE,11,0.9883541666666668
CB,TPE,12,0.9896458333333332
CB,TPE,13,0.9896458333333332
CB,TPE,14,0.9902708333333332
CB,TPE,15,0.9902708333333332
CB,TPE,16,0.9927708333333334
CB,TPE,17,0.9936875
CB,TPE,18,0.9936875
CB,TPE,19,0.9936875
CB,TPE,20,0.9936875
CB,TPE,21,0.9936875
CB,TPE,22,0.9936875
CB,TPE,23,0.9936875
CB,TPE,24,0.9937291666666668
CB,TPE,25,0.9937291666666668
CB,TPE,26,0.9937291666666668
CB,TPE,27,0.9937291666666668
CB,TPE,28,0.9937291666666668
CB,TPE,29,0.9937291666666668
CB,TPE,30,0.9937291666666668
CB,TPE,31,0.9937291666666668
CB,TPE,32,0.9940416666666668
CB,TPE,33,0.9940416666666668
CB,TPE,34,0.9940416666666668
CB,TPE,35,0.9940416666666668
CB,TPE,36,0.9940416666666668
CB,TPE,37,0.9940416666666668
CB,TPE,38,0.9940416666666668
CB,TPE,39,0.9942083333333332
CB,TPE,40,0.9942083333333332
CB,TPE,41,0.9942083333333332
CB,TPE,42,0.9942083333333332
CB,TPE,43,0.995125
CB,TPE,44,0.995125
CB,TPE,45,0.995125
CB,TPE,46,0.995125
CB,TPE,47,0.995125
CB,TPE,48,0.995125
CB,TPE,49,0.995125
CB,TPE,50,0.995125
CB,GWO,1,0.9789583333333332
CB,GWO,2,0.9851041666666668
CB,GWO,3,0.9851041666666668
CB,GWO,4,0.9921875
CB,GWO,5,0.9921875
CB,GWO,6,0.9921875
CB,GWO,7,0.9921875
CB,GWO,8,0.9921875
CB,GWO,9,0.9921875
CB,GWO,10,0.9921875
CB,GWO,11,0.9921875
CB,GWO,12,0.9921875
CB,GWO,13,0.9921875
CB,GWO,14,0.9921875
CB,GWO,15,0.994875
CB,GWO,16,0.994875
CB,GWO,17,0.994875
CB,GWO,18,0.994875
CB,GWO,19,0.994875
CB,GWO,20,0.994875
CB,GWO,21,0.994875
CB,GWO,22,0.994875
CB,GWO,23,0.994875
CB,GWO,24,0.994875
CB,GWO,25,0.994875
CB,GWO,26,0.994875
CB,GWO,27,0.994875
CB,GWO,28,0.994875
CB,GWO,29,0.994875
CB,GWO,30,0.9954791666666668
CB,GWO,31,0.9954791666666668
CB,GWO,32,0.9954791666666668
CB,GWO,33,0.9954791666666668
CB,GWO,34,0.9954791666666668
CB,GWO,35,0.9954791666666668
CB,GWO,36,0.9954791666666668
CB,GWO,37,0.9954791666666668
CB,GWO,38,0.9954791666666668
CB,GWO,39,0.9954791666666668
CB,GWO,40,0.9954791666666668
CB,GWO,41,0.9954791666666668
CB,GWO,42,0.9954791666666668
CB,GWO,43,0.9954791666666668
CB,GWO,44,0.9954791666666668
CB,GWO,45,0.9954791666666668
CB,GWO,46,0.9954791666666668
CB,GWO,47,0.9954791666666668
CB,GWO,48,0.9954791666666668
CB,GWO,49,0.9954791666666668
CB,GWO,50,0.9954791666666668
GB,TPE,1,0.9869791666666669
GB,TPE,2,0.9869791666666669
GB,TPE,3,0.9906875
GB,TPE,4,0.9906875
GB,TPE,5,0.9906875
GB,TPE,6,0.9949583333333332
GB,TPE,7,0.9949583333333332
GB,TPE,8,0.9949583333333332
GB,TPE,9,0.9951875
GB,TPE,10,0.9951875
GB,TPE,11,0.9951875
GB,TPE,12,0.9951875
GB,TPE,13,0.9951875
GB,TPE,14,0.9951875
GB,TPE,15,0.9951875
GB,TPE,16,0.9951875
GB,TPE,17,0.9951875
GB,TPE,18,0.9951875
GB,TPE,19,0.9951875
GB,TPE,20,0.9951875
GB,TPE,21,0.9951875
GB,TPE,22,0.9951875
GB,TPE,23,0.9951875
GB,TPE,24,0.9951875
GB,TPE,25,0.9951875
GB,TPE,26,0.9951875
GB,TPE,27,0.9951875
GB,TPE,28,0.9951875
GB,TPE,29,0.9951875
GB,TPE,30,0.9951875
GB,TPE,31,0.9951875
GB,TPE,32,0.9951875
GB,TPE,33,0.9957708333333332
GB,TPE,34,0.9957708333333332
GB,TPE,35,0.9957708333333332
GB,TPE,36,0.9957708333333332
GB,TPE,37,0.9957708333333332
GB,TPE,38,0.9957708333333332
GB,TPE,39,0.9957708333333332
GB,TPE,40,0.9957708333333332
GB,TPE,41,0.9957708333333332
GB,TPE,42,0.9957708333333332
GB,TPE,43,0.9957708333333332
GB,TPE,44,0.9957708333333332
GB,TPE,45,0.9957708333333332
GB,TPE,46,0.9957708333333332
GB,TPE,47,0.9957708333333332
GB,TPE,48,0.9961875
GB,TPE,49,0.9961875
GB,TPE,50,0.9961875
GB,GWO,1,0.987875
GB,GWO,2,0.987875
GB,GWO,3,0.9893958333333334
GB,GWO,4,0.9893958333333334
GB,GWO,5,0.9893958333333334
GB,GWO,6,0.9893958333333334
GB,GWO,7,0.9893958333333334
GB,GWO,8,0.9925416666666668
GB,GWO,9,0.9950624999999998
GB,GWO,10,0.9950624999999998
GB,GWO,11,0.9950624999999998
GB,GWO,12,0.9950624999999998
GB,GWO,13,0.9950624999999998
GB,GWO,14,0.9950624999999998
GB,GWO,15,0.9950624999999998
GB,GWO,16,0.9950624999999998
GB,GWO,17,0.9950624999999998
GB,GWO,18,0.9950624999999998
GB,GWO,19,0.9950624999999998
GB,GWO,20,0.9950624999999998
GB,GWO,21,0.9950624999999998
GB,GWO,22,0.9950624999999998
GB,GWO,23,0.9950624999999998
GB,GWO,24,0.9953958333333331
GB,GWO,25,0.9953958333333331
GB,GWO,26,0.9953958333333331
GB,GWO,27,0.9953958333333331
GB,GWO,28,0.9953958333333331
GB,GWO,29,0.9953958333333331
GB,GWO,30,0.9953958333333331
GB,GWO,31,0.9953958333333331
GB,GWO,32,0.9962708333333332
GB,GWO,33,0.9962708333333332
GB,GWO,34,0.9962708333333332
GB,GWO,35,0.9962708333333332
GB,GWO,36,0.9962708333333332
GB,GWO,37,0.9962708333333332
GB,GWO,38,0.9962708333333332
GB,GWO,39,0.9962708333333332
GB,GWO,40,0.9962708333333332
GB,GWO,41,0.9962708333333332
GB,GWO,42,0.9965416666666668
GB,GWO,43,0.9965416666666668
GB,GWO,44,0.9965416666666668
GB,GWO,45,0.9965416666666668
GB,GWO,46,0.9965416666666668
GB,GWO,47,0.9965416666666668
GB,GWO,48,0.9965416666666668
GB,GWO,49,0.9965416666666668
GB,GWO,50,0.9965416666666668
KNN,TPE,1,0.9407291666666666
KNN,TPE,2,0.9407291666666666
KNN,TPE,3,0.9407291666666666
KNN,TPE,4,0.9407291666666666
KNN,TPE,5,0.945875
KNN,TPE,6,0.945875
KNN,TPE,7,0.945875
KNN,TPE,8,0.945875
KNN,TPE,9,0.9481041666666666
KNN,TPE,10,0.9481041666666666
KNN,TPE,11,0.9481041666666666
KNN,TPE,12,0.9481041666666666
KNN,TPE,13,0.9481041666666666
KNN,TPE,14,0.9481041666666666
KNN,TPE,15,0.9481041666666666
KNN,TPE,16,0.9481041666666666
KNN,TPE,17,0.9481041666666666
KNN,TPE,18,0.9481041666666666
KNN,TPE,19,0.9481041666666666
KNN,TPE,20,0.9481041666666666
KNN,TPE,21,0.9481041666666666
KNN,TPE,22,0.9481041666666666
KNN,TPE,23,0.9481041666666666
KNN,TPE,24,0.9481041666666666
KNN,TPE,25,0.9481041666666666
KNN,TPE,26,0.9481041666666666
KNN,TPE,27,0.9481041666666666
KNN,TPE,28,0.9481041666666666
KNN,TPE,29,0.9481041666666666
KNN,TPE,30,0.9481041666666666
KNN,TPE,31,0.9481041666666666
KNN,TPE,32,0.9481041666666666
KNN,TPE,33,0.9481041666666666
KNN,TPE,34,0.9481041666666666
KNN,TPE,35,0.9481041666666666
KNN,TPE,36,0.9481041666666666
KNN,TPE,37,0.9481041666666666
KNN,TPE,38,0.9481041666666666
KNN,TPE,39,0.9481041666666666
KNN,TPE,40,0.9481041666666666
KNN,TPE,41,0.9482083333333332
KNN,TPE,42,0.9482083333333332
KNN,TPE,43,0.9482083333333332
KNN,TPE,44,0.9482083333333332
KNN,TPE,45,0.9482083333333332
KNN,TPE,46,0.9482083333333332
KNN,TPE,47,0.9482083333333332
KNN,TPE,48,0.9482083333333332
KNN,TPE,49,0.9482083333333332
KNN,TPE,50,0.9482083333333332
KNN,GWO,1,0.9377083333333334
KNN,GWO,2,0.9409791666666668
KNN,GWO,3,0.9410416666666668
KNN,GWO,4,0.9410416666666668
KNN,GWO,5,0.9410416666666668
KNN,GWO,6,0.9410416666666668
KNN,GWO,7,0.9410416666666668
KNN,GWO,8,0.941875
KNN,GWO,9,0.9435833333333332
KNN,GWO,10,0.9435833333333332
KNN,GWO,11,0.9435833333333332
KNN,GWO,12,0.945875
KNN,GWO,13,0.945875
KNN,GWO,14,0.945875
KNN,GWO,15,0.945875
KNN,GWO,16,0.945875
KNN,GWO,17,0.945875
KNN,GWO,18,0.945875
KNN,GWO,19,0.945875
KNN,GWO,20,0.945875
KNN,GWO,21,0.945875
KNN,GWO,22,0.9479583333333332
KNN,GWO,23,0.9479583333333332
KNN,GWO,24,0.9479583333333332
KNN,GWO,25,0.9479583333333332
KNN,GWO,26,0.9479583333333332
KNN,GWO,27,0.9479583333333332
KNN,GWO,28,0.9487916666666664
KNN,GWO,29,0.9487916666666664
KNN,GWO,30,0.9487916666666664
KNN,GWO,31,0.9487916666666664
KNN,GWO,32,0.9487916666666664
KNN,GWO,33,0.9487916666666664
KNN,GWO,34,0.9487916666666664
KNN,GWO,35,0.9487916666666664
KNN,GWO,36,0.9487916666666664
KNN,GWO,37,0.9487916666666664
KNN,GWO,38,0.9487916666666664
KNN,GWO,39,0.9487916666666664
KNN,GWO,40,0.9487916666666664
KNN,GWO,41,0.9487916666666664
KNN,GWO,42,0.9487916666666664
KNN,GWO,43,0.9487916666666664
KNN,GWO,44,0.9487916666666664
KNN,GWO,45,0.9487916666666664
KNN,GWO,46,0.9487916666666664
KNN,GWO,47,0.9487916666666664
KNN,GWO,48,0.9487916666666664
KNN,GWO,49,0.9487916666666664
KNN,GWO,50,0.9487916666666664
LDA,TPE,1,0.8953125
LDA,TPE,2,0.8953125
LDA,TPE,3,0.8953125
LDA,TPE,4,0.8953125
LDA,TPE,5,0.8953125
LDA,TPE,6,0.8953125
LDA,TPE,7,0.8953125
LDA,TPE,8,0.8953125
LDA,TPE,9,0.8953125
LDA,TPE,10,0.8953125
LDA,TPE,11,0.8953125
LDA,TPE,12,0.8953125
LDA,TPE,13,0.8953125
LDA,TPE,14,0.8953125
LDA,TPE,15,0.8953125
LDA,TPE,16,0.8953125
LDA,TPE,17,0.8953125
LDA,TPE,18,0.8953125
LDA,TPE,19,0.8953125
LDA,TPE,20,0.8953125
LDA,TPE,21,0.8953125
LDA,TPE,22,0.8953125
LDA,TPE,23,0.8953125
LDA,TPE,24,0.8953125
LDA,TPE,25,0.8953125
LDA,TPE,26,0.8953125
LDA,TPE,27,0.8953125
LDA,TPE,28,0.8953125
LDA,TPE,29,0.8953125
LDA,TPE,30,0.8953125
LDA,TPE,31,0.8953125
LDA,TPE,32,0.8953125
LDA,TPE,33,0.8953125
LDA,TPE,34,0.8953125
LDA,TPE,35,0.8953125
LDA,TPE,36,0.8953125
LDA,TPE,37,0.8953125
LDA,TPE,38,0.8953125
LDA,TPE,39,0.8953125
LDA,TPE,40,0.8953125
LDA,TPE,41,0.8953125
LDA,TPE,42,0.8953125
LDA,TPE,43,0.8953125
LDA,TPE,44,0.8953125
LDA,TPE,45,0.8953125
LDA,TPE,46,0.8953125
LDA,TPE,47,0.8953125
LDA,TPE,48,0.8953125
LDA,TPE,49,0.8953125
LDA,TPE,50,0.8953125
LDA,GWO,1,0.8953125
LDA,GWO,2,0.8953125
LDA,GWO,3,0.8953125
LDA,GWO,4,0.8953125
LDA,GWO,5,0.8953125
LDA,GWO,6,0.8953125
LDA,GWO,7,0.8953125
LDA,GWO,8,0.8953125
LDA,GWO,9,0.8953125
LDA,GWO,10,0.8953125
LDA,GWO,11,0.8953125
LDA,GWO,12,0.8953125
LDA,GWO,13,0.8953125
LDA,GWO,14,0.8953125
LDA,GWO,15,0.8953125
LDA,GWO,16,0.8953125
LDA,GWO,17,0.8953125
LDA,GWO,18,0.8953125
LDA,GWO,19,0.8953125
LDA,GWO,20,0.8953125
LDA,GWO,21,0.8953125
LDA,GWO,22,0.8953125
LDA,GWO,23,0.8953125
LDA,GWO,24,0.8953125
LDA,GWO,25,0.8953125
LDA,GWO,26,0.8953125
LDA,GWO,27,0.8953125
LDA,GWO,28,0.8953125
LDA,GWO,29,0.8953125
LDA,GWO,30,0.8953125
LDA,GWO,31,0.8953125
LDA,GWO,32,0.8953125
LDA,GWO,33,0.8953125
LDA,GWO,34,0.8953125
LDA,GWO,35,0.8953125
LDA,GWO,36,0.8953125
LDA,GWO,37,0.8953125
LDA,GWO,38,0.8953125
LDA,GWO,39,0.8953125
LDA,GWO,40,0.8953125
LDA,GWO,41,0.8953125
LDA,GWO,42,0.8953125
LDA,GWO,43,0.8953125
LDA,GWO,44,0.8953125
LDA,GWO,45,0.8953125
LDA,GWO,46,0.8953125
LDA,GWO,47,0.8953125
LDA,GWO,48,0.8953125
LDA,GWO,49,0.8953125
LDA,GWO,50,0.8953125
LGBM,TPE,1,0.9909791666666669
LGBM,TPE,2,0.9909791666666669
LGBM,TPE,3,0.9909791666666669
LGBM,TPE,4,0.9909791666666669
LGBM,TPE,5,0.9909791666666669
LGBM,TPE,6,0.9909791666666669
LGBM,TPE,7,0.9909791666666669
LGBM,TPE,8,0.9909791666666669
LGBM,TPE,9,0.9970833333333332
LGBM,TPE,10,0.9970833333333332
LGBM,TPE,11,0.9970833333333332
LGBM,TPE,12,0.9970833333333332
LGBM,TPE,13,0.9970833333333332
LGBM,TPE,14,0.9970833333333332
LGBM,TPE,15,0.9970833333333332
LGBM,TPE,16,0.9970833333333332
LGBM,TPE,17,0.9970833333333332
LGBM,TPE,18,0.9970833333333332
LGBM,TPE,19,0.9970833333333332
LGBM,TPE,20,0.9970833333333332
LGBM,TPE,21,0.9970833333333332
LGBM,TPE,22,0.9970833333333332
LGBM,TPE,23,0.9970833333333332
LGBM,TPE,24,0.9970833333333332
LGBM,TPE,25,0.9970833333333332
LGBM,TPE,26,0.9970833333333332
LGBM,TPE,27,0.9970833333333332
LGBM,TPE,28,0.9970833333333332
LGBM,TPE,29,0.9970833333333332
LGBM,TPE,30,0.9970833333333332
LGBM,TPE,31,0.9970833333333332
LGBM,TPE,32,0.9970833333333332
LGBM,TPE,33,0.9970833333333332
LGBM,TPE,34,0.9970833333333332
LGBM,TPE,35,0.9970833333333332
LGBM,TPE,36,0.9970833333333332
LGBM,TPE,37,0.9970833333333332
LGBM,TPE,38,0.9970833333333332
LGBM,TPE,39,0.9970833333333332
LGBM,TPE,40,0.9970833333333332
LGBM,TPE,41,0.9970833333333332
LGBM,TPE,42,0.9971458333333334
LGBM,TPE,43,0.9971458333333334
LGBM,TPE,44,0.9971458333333334
LGBM,TPE,45,0.9971458333333334
LGBM,TPE,46,0.9975833333333334
LGBM,TPE,47,0.9979166666666668
LGBM,TPE,48,0.9979166666666668
LGBM,TPE,49,0.9979166666666668
LGBM,TPE,50,0.9979166666666668
LGBM,GWO,1,0.9872499999999998
LGBM,GWO,2,0.9953333333333332
LGBM,GWO,3,0.9953333333333332
LGBM,GWO,4,0.9953333333333332
LGBM,GWO,5,0.9953333333333332
LGBM,GWO,6,0.9953333333333332
LGBM,GWO,7,0.9953333333333332
LGBM,GWO,8,0.9953333333333332
LGBM,GWO,9,0.9953333333333332
LGBM,GWO,10,0.9953333333333332
LGBM,GWO,11,0.9953333333333332
LGBM,GWO,12,0.9953333333333332
LGBM,GWO,13,0.9953333333333332
LGBM,GWO,14,0.9953333333333332
LGBM,GWO,15,0.9953333333333332
LGBM,GWO,16,0.9953333333333332
LGBM,GWO,17,0.9958958333333332
LGBM,GWO,18,0.9961666666666666
LGBM,GWO,19,0.9964583333333332
LGBM,GWO,20,0.9964583333333332
LGBM,GWO,21,0.9964583333333332
LGBM,GWO,22,0.9964583333333332
LGBM,GWO,23,0.997
LGBM,GWO,24,0.997
LGBM,GWO,25,0.997
LGBM,GWO,26,0.997
LGBM,GWO,27,0.997
LGBM,GWO,28,0.997
LGBM,GWO,29,0.997
LGBM,GWO,30,0.997
LGBM,GWO,31,0.9974166666666668
LGBM,GWO,32,0.9974166666666668
LGBM,GWO,33,0.9974166666666668
LGBM,GWO,34,0.9974166666666668
LGBM,GWO,35,0.9974166666666668
LGBM,GWO,36,0.9974166666666668
LGBM,GWO,37,0.9974166666666668
LGBM,GWO,38,0.9974166666666668
LGBM,GWO,39,0.9974166666666668
LGBM,GWO,40,0.9974166666666668
LGBM,GWO,41,0.9974166666666668
LGBM,GWO,42,0.9974166666666668
LGBM,GWO,43,0.9975000000000002
LGBM,GWO,44,0.9975000000000002
LGBM,GWO,45,0.9975208333333332
LGBM,GWO,46,0.9975208333333332
LGBM,GWO,47,0.9975208333333332
LGBM,GWO,48,0.9975208333333332
LGBM,GWO,49,0.9975208333333332
LGBM,GWO,50,0.9975208333333332
LR,TPE,1,0.8769583333333333
LR,TPE,2,0.8964583333333334
LR,TPE,3,0.8964583333333334
LR,TPE,4,0.8964583333333334
LR,TPE,5,0.89725
LR,TPE,6,0.89725
LR,TPE,7,0.89725
LR,TPE,8,0.89725
LR,TPE,9,0.89725
LR,TPE,10,0.89725
LR,TPE,11,0.89725
LR,TPE,12,0.89725
LR,TPE,13,0.89725
LR,TPE,14,0.8972916666666666
LR,TPE,15,0.8972916666666666
LR,TPE,16,0.8972916666666666
LR,TPE,17,0.8972916666666666
LR,TPE,18,0.8972916666666666
LR,TPE,19,0.8972916666666666
LR,TPE,20,0.8972916666666666
LR,TPE,21,0.8972916666666666
LR,TPE,22,0.8972916666666666
LR,TPE,23,0.8972916666666666
LR,TPE,24,0.8972916666666666
LR,TPE,25,0.8972916666666666
LR,TPE,26,0.8972916666666666
LR,TPE,27,0.8972916666666666
LR,TPE,28,0.8972916666666666
LR,TPE,29,0.8972916666666666
LR,TPE,30,0.8972916666666666
LR,TPE,31,0.8972916666666666
LR,TPE,32,0.8972916666666666
LR,TPE,33,0.8972916666666666
LR,TPE,34,0.8972916666666666
LR,TPE,35,0.8972916666666666
LR,TPE,36,0.8972916666666666
LR,TPE,37,0.8972916666666666
LR,TPE,38,0.8972916666666666
LR,TPE,39,0.8972916666666666
LR,TPE,40,0.8972916666666666
LR,TPE,41,0.8972916666666666
LR,TPE,42,0.8972916666666666
LR,TPE,43,0.8972916666666666
LR,TPE,44,0.8972916666666666
LR,TPE,45,0.8972916666666666
LR,TPE,46,0.8972916666666666
LR,TPE,47,0.8972916666666666
LR,TPE,48,0.8972916666666666
LR,TPE,49,0.8972916666666666
LR,TPE,50,0.8972916666666666
LR,GWO,1,0.8972916666666666
LR,GWO,2,0.8972916666666666
LR,GWO,3,0.8972916666666666
LR,GWO,4,0.8972916666666666
LR,GWO,5,0.8972916666666666
LR,GWO,6,0.8972916666666666
LR,GWO,7,0.8972916666666666
LR,GWO,8,0.8972916666666666
LR,GWO,9,0.8972916666666666
LR,GWO,10,0.8972916666666666
LR,GWO,11,0.8972916666666666
LR,GWO,12,0.8972916666666666
LR,GWO,13,0.8972916666666666
LR,GWO,14,0.8972916666666666
LR,GWO,15,0.8972916666666666
LR,GWO,16,0.8972916666666666
LR,GWO,17,0.8972916666666666
LR,GWO,18,0.8972916666666666
LR,GWO,19,0.8972916666666666
LR,GWO,20,0.897375
LR,GWO,21,0.897375
LR,GWO,22,0.897375
LR,GWO,23,0.897375
LR,GWO,24,0.897375
LR,GWO,25,0.897375
LR,GWO,26,0.897375
LR,GWO,27,0.897375
LR,GWO,28,0.897375
LR,GWO,29,0.897375
LR,GWO,30,0.897375
LR,GWO,31,0.897375
LR,GWO,32,0.897375
LR,GWO,33,0.897375
LR,GWO,34,0.897375
LR,GWO,35,0.897375
LR,GWO,36,0.897375
LR,GWO,37,0.897375
LR,GWO,38,0.897375
LR,GWO,39,0.897375
LR,GWO,40,0.897375
LR,GWO,41,0.897375
LR,GWO,42,0.897375
LR,GWO,43,0.897375
LR,GWO,44,0.897375
LR,GWO,45,0.897375
LR,GWO,46,0.897375
LR,GWO,47,0.897375
LR,GWO,48,0.897375
LR,GWO,49,0.897375
LR,GWO,50,0.897375
LinearSVC,TPE,1,0.8826041666666666
LinearSVC,TPE,2,0.8946458333333334
LinearSVC,TPE,3,0.8946458333333334
LinearSVC,TPE,4,0.8970416666666665
LinearSVC,TPE,5,0.8970416666666665
LinearSVC,TPE,6,0.8970416666666665
LinearSVC,TPE,7,0.8970416666666665
LinearSVC,TPE,8,0.8970416666666665
LinearSVC,TPE,9,0.8970416666666665
LinearSVC,TPE,10,0.8970416666666665
LinearSVC,TPE,11,0.8970416666666665
LinearSVC,TPE,12,0.8970416666666665
LinearSVC,TPE,13,0.8970416666666665
LinearSVC,TPE,14,0.8970416666666665
LinearSVC,TPE,15,0.8970416666666665
LinearSVC,TPE,16,0.8970416666666665
LinearSVC,TPE,17,0.8970416666666665
LinearSVC,TPE,18,0.8970625
LinearSVC,TPE,19,0.8970625
LinearSVC,TPE,20,0.8970625
LinearSVC,TPE,21,0.8970625
LinearSVC,TPE,22,0.8970625
LinearSVC,TPE,23,0.8970625
LinearSVC,TPE,24,0.8970625
LinearSVC,TPE,25,0.8970625
LinearSVC,TPE,26,0.8970625
LinearSVC,TPE,27,0.8970625
LinearSVC,TPE,28,0.8970625
LinearSVC,TPE,29,0.8970625
LinearSVC,TPE,30,0.8970625
LinearSVC,TPE,31,0.8970625
LinearSVC,TPE,32,0.8970625
LinearSVC,TPE,33,0.8970625
LinearSVC,TPE,34,0.8970625
LinearSVC,TPE,35,0.8970625
LinearSVC,TPE,36,0.8970625
LinearSVC,TPE,37,0.8970625
LinearSVC,TPE,38,0.8970625
LinearSVC,TPE,39,0.8970625
LinearSVC,TPE,40,0.8970625
LinearSVC,TPE,41,0.8970625
LinearSVC,TPE,42,0.8970625
LinearSVC,TPE,43,0.8970625
LinearSVC,TPE,44,0.8970625
LinearSVC,TPE,45,0.8970625
LinearSVC,TPE,46,0.8970625
LinearSVC,TPE,47,0.8970625
LinearSVC,TPE,48,0.8970625
LinearSVC,TPE,49,0.8970625
LinearSVC,TPE,50,0.8970625
LinearSVC,GWO,1,0.8969583333333333
LinearSVC,GWO,2,0.8970416666666667
LinearSVC,GWO,3,0.8970416666666667
LinearSVC,GWO,4,0.8970416666666667
LinearSVC,GWO,5,0.8970416666666667
LinearSVC,GWO,6,0.8970416666666667
LinearSVC,GWO,7,0.8970416666666667
LinearSVC,GWO,8,0.8970416666666667
LinearSVC,GWO,9,0.8970416666666667
LinearSVC,GWO,10,0.8970416666666667
LinearSVC,GWO,11,0.8970416666666667
LinearSVC,GWO,12,0.8970416666666667
LinearSVC,GWO,13,0.8970416666666667
LinearSVC,GWO,14,0.8970416666666667
LinearSVC,GWO,15,0.8970416666666667
LinearSVC,GWO,16,0.8970416666666667
LinearSVC,GWO,17,0.8970416666666667
LinearSVC,GWO,18,0.8970416666666667
LinearSVC,GWO,19,0.8970416666666667
LinearSVC,GWO,20,0.8970416666666667
LinearSVC,GWO,21,0.8970416666666667
LinearSVC,GWO,22,0.8970416666666667
LinearSVC,GWO,23,0.8970416666666667
LinearSVC,GWO,24,0.8970416666666667
LinearSVC,GWO,25,0.8970416666666667
LinearSVC,GWO,26,0.8970416666666667
LinearSVC,GWO,27,0.8970416666666667
LinearSVC,GWO,28,0.8970416666666667
LinearSVC,GWO,29,0.8970416666666667
LinearSVC,GWO,30,0.8970416666666667
LinearSVC,GWO,31,0.8970416666666667
LinearSVC,GWO,32,0.8970416666666667
LinearSVC,GWO,33,0.8970416666666667
LinearSVC,GWO,34,0.8970416666666667
LinearSVC,GWO,35,0.8970416666666667
LinearSVC,GWO,36,0.8970416666666667
LinearSVC,GWO,37,0.8970416666666667
LinearSVC,GWO,38,0.8970416666666667
LinearSVC,GWO,39,0.8970416666666667
LinearSVC,GWO,40,0.8970416666666667
LinearSVC,GWO,41,0.8970625
LinearSVC,GWO,42,0.8970625
LinearSVC,GWO,43,0.8970625
LinearSVC,GWO,44,0.8970625
LinearSVC,GWO,45,0.8970625
LinearSVC,GWO,46,0.8970625
LinearSVC,GWO,47,0.8970625
LinearSVC,GWO,48,0.8970625
LinearSVC,GWO,49,0.8970625
LinearSVC,GWO,50,0.8970625
NB,TPE,1,0.8430416666666666
NB,TPE,2,0.8430416666666666
NB,TPE,3,0.8430416666666666
NB,TPE,4,0.8430416666666666
NB,TPE,5,0.8430416666666666
NB,TPE,6,0.8430416666666666
NB,TPE,7,0.8430416666666666
NB,TPE,8,0.8430416666666666
NB,TPE,9,0.8430416666666666
NB,TPE,10,0.8430416666666666
NB,TPE,11,0.8430416666666666
NB,TPE,12,0.8430416666666666
NB,TPE,13,0.8430416666666666
NB,TPE,14,0.8430416666666666
NB,TPE,15,0.8430416666666666
NB,TPE,16,0.8430416666666666
NB,TPE,17,0.8430416666666666
NB,TPE,18,0.8430416666666666
NB,TPE,19,0.8430416666666666
NB,TPE,20,0.8430416666666666
NB,TPE,21,0.8430416666666666
NB,TPE,22,0.8430416666666666
NB,TPE,23,0.8430416666666666
NB,TPE,24,0.8430416666666666
NB,TPE,25,0.8430416666666666
NB,TPE,26,0.8430416666666666
NB,TPE,27,0.8430416666666666
NB,TPE,28,0.8430416666666666
NB,TPE,29,0.8430416666666666
NB,TPE,30,0.8430416666666666
NB,TPE,31,0.8430416666666666
NB,TPE,32,0.8430416666666666
NB,TPE,33,0.8430416666666666
NB,TPE,34,0.8430416666666666
NB,TPE,35,0.8430416666666666
NB,TPE,36,0.8430416666666666
NB,TPE,37,0.8430416666666666
NB,TPE,38,0.8430416666666666
NB,TPE,39,0.8430416666666666
NB,TPE,40,0.8430416666666666
NB,TPE,41,0.8430416666666666
NB,TPE,42,0.8430416666666666
NB,TPE,43,0.8430416666666666
NB,TPE,44,0.8430416666666666
NB,TPE,45,0.8430416666666666
NB,TPE,46,0.8430416666666666
NB,TPE,47,0.8430416666666666
NB,TPE,48,0.8430416666666666
NB,TPE,49,0.8430416666666666
NB,TPE,50,0.8430416666666666
NB,GWO,1,0.8430416666666666
NB,GWO,2,0.8430416666666666
NB,GWO,3,0.8430416666666666
NB,GWO,4,0.8430416666666666
NB,GWO,5,0.8430416666666666
NB,GWO,6,0.8430416666666666
NB,GWO,7,0.8430416666666666
NB,GWO,8,0.8430416666666666
NB,GWO,9,0.8430416666666666
NB,GWO,10,0.8430416666666666
NB,GWO,11,0.8430416666666666
NB,GWO,12,0.8430416666666666
NB,GWO,13,0.8430416666666666
NB,GWO,14,0.8430416666666666
NB,GWO,15,0.8430416666666666
NB,GWO,16,0.8430416666666666
NB,GWO,17,0.8430416666666666
NB,GWO,18,0.8430416666666666
NB,GWO,19,0.8430416666666666
NB,GWO,20,0.8430416666666666
NB,GWO,21,0.8430416666666666
NB,GWO,22,0.8430416666666666
NB,GWO,23,0.8430416666666666
NB,GWO,24,0.8430416666666666
NB,GWO,25,0.8430416666666666
NB,GWO,26,0.8430416666666666
NB,GWO,27,0.8430416666666666
NB,GWO,28,0.8430416666666666
NB,GWO,29,0.8430416666666666
NB,GWO,30,0.8430416666666666
NB,GWO,31,0.8430416666666666
NB,GWO,32,0.8430416666666666
NB,GWO,33,0.8430416666666666
NB,GWO,34,0.8430416666666666
NB,GWO,35,0.8430416666666666
NB,GWO,36,0.8430416666666666
NB,GWO,37,0.8430416666666666
NB,GWO,38,0.8430416666666666
NB,GWO,39,0.8430416666666666
NB,GWO,40,0.8430416666666666
NB,GWO,41,0.8430416666666666
NB,GWO,42,0.8430416666666666
NB,GWO,43,0.8430416666666666
NB,GWO,44,0.8430416666666666
NB,GWO,45,0.8430416666666666
NB,GWO,46,0.8430416666666666
NB,GWO,47,0.8430416666666666
NB,GWO,48,0.8430416666666666
NB,GWO,49,0.8430416666666666
NB,GWO,50,0.8430416666666666
QDA,TPE,1,0.8663958333333334
QDA,TPE,2,0.8663958333333334
QDA,TPE,3,0.8663958333333334
QDA,TPE,4,0.8663958333333334
QDA,TPE,5,0.8862708333333332
QDA,TPE,6,0.8862708333333332
QDA,TPE,7,0.8978124999999999
QDA,TPE,8,0.8978124999999999
QDA,TPE,9,0.8978124999999999
QDA,TPE,10,0.8978124999999999
QDA,TPE,11,0.8978124999999999
QDA,TPE,12,0.8978124999999999
QDA,TPE,13,0.8978124999999999
QDA,TPE,14,0.8978124999999999
QDA,TPE,15,0.8978124999999999
QDA,TPE,16,0.8978124999999999
QDA,TPE,17,0.8978124999999999
QDA,TPE,18,0.8978124999999999
QDA,TPE,19,0.8978124999999999
QDA,TPE,20,0.8978124999999999
QDA,TPE,21,0.8978124999999999
QDA,TPE,22,0.8978124999999999
QDA,TPE,23,0.8978124999999999
QDA,TPE,24,0.8978124999999999
QDA,TPE,25,0.8978124999999999
QDA,TPE,26,0.8978124999999999
QDA,TPE,27,0.8978124999999999
QDA,TPE,28,0.8978124999999999
QDA,TPE,29,0.8981875
QDA,TPE,30,0.8981875
QDA,TPE,31,0.8981875
QDA,TPE,32,0.8981875
QDA,TPE,33,0.8985208333333332
QDA,TPE,34,0.8985208333333332
QDA,TPE,35,0.8985208333333332
QDA,TPE,36,0.8985208333333332
QDA,TPE,37,0.8985208333333332
QDA,TPE,38,0.8985208333333332
QDA,TPE,39,0.8985208333333332
QDA,TPE,40,0.8985208333333334
QDA,TPE,41,0.8985208333333334
QDA,TPE,42,0.8989791666666666
QDA,TPE,43,0.8989791666666666
QDA,TPE,44,0.8989791666666666
QDA,TPE,45,0.8989791666666666
QDA,TPE,46,0.8989791666666666
QDA,TPE,47,0.8989791666666666
QDA,TPE,48,0.8989791666666666
QDA,TPE,49,0.8989791666666666
QDA,TPE,50,0.8989791666666666
QDA,GWO,1,0.8408541666666667
QDA,GWO,2,0.8624375000000001
QDA,GWO,3,0.8624375000000001
QDA,GWO,4,0.8624375000000001
QDA,GWO,5,0.8936249999999999
QDA,GWO,6,0.8936249999999999
QDA,GWO,7,0.8936249999999999
QDA,GWO,8,0.8936249999999999
QDA,GWO,9,0.8936249999999999
QDA,GWO,10,0.8936249999999999
QDA,GWO,11,0.8936249999999999
QDA,GWO,12,0.8936249999999999
QDA,GWO,13,0.8936249999999999
QDA,GWO,14,0.8936249999999999
QDA,GWO,15,0.8936249999999999
QDA,GWO,16,0.8936249999999999
QDA,GWO,17,0.8936249999999999
QDA,GWO,18,0.8936249999999999
QDA,GWO,19,0.8936249999999999
QDA,GWO,20,0.8936249999999999
QDA,GWO,21,0.8978333333333334
QDA,GWO,22,0.8978333333333334
QDA,GWO,23,0.8986666666666666
QDA,GWO,24,0.8986666666666666
QDA,GWO,25,0.8989166666666666
QDA,GWO,26,0.8989166666666666
QDA,GWO,27,0.8989166666666666
QDA,GWO,28,0.8989166666666666
QDA,GWO,29,0.8989166666666666
QDA,GWO,30,0.8989166666666666
QDA,GWO,31,0.8989999999999998
QDA,GWO,32,0.8989999999999998
QDA,GWO,33,0.8989999999999998
QDA,GWO,34,0.8989999999999998
QDA,GWO,35,0.8989999999999998
QDA,GWO,36,0.8989999999999998
QDA,GWO,37,0.8989999999999998
QDA,GWO,38,0.899125
QDA,GWO,39,0.899125
QDA,GWO,40,0.899125
QDA,GWO,41,0.899125
QDA,GWO,42,0.899125
QDA,GWO,43,0.899125
QDA,GWO,44,0.899125
QDA,GWO,45,0.899125
QDA,GWO,46,0.899125
QDA,GWO,47,0.899125
QDA,GWO,48,0.899125
QDA,GWO,49,0.899125
QDA,GWO,50,0.899125
RF,TPE,1,0.9482708333333332
RF,TPE,2,0.9482708333333332
RF,TPE,3,0.9482708333333332
RF,TPE,4,0.9482708333333332
RF,TPE,5,0.9482708333333332
RF,TPE,6,0.9615416666666666
RF,TPE,7,0.9615416666666666
RF,TPE,8,0.9615416666666666
RF,TPE,9,0.9615416666666666
RF,TPE,10,0.9615416666666666
RF,TPE,11,0.9615416666666666
RF,TPE,12,0.9615416666666666
RF,TPE,13,0.9615416666666666
RF,TPE,14,0.9615416666666666
RF,TPE,15,0.9615416666666666
RF,TPE,16,0.9615416666666666
RF,TPE,17,0.9657708333333334
RF,TPE,18,0.9684166666666666
RF,TPE,19,0.9684166666666666
RF,TPE,20,0.9684166666666666
RF,TPE,21,0.9684166666666666
RF,TPE,22,0.9684166666666666
RF,TPE,23,0.9701041666666668
RF,TPE,24,0.9707916666666666
RF,TPE,25,0.9713125
RF,TPE,26,0.9713125
RF,TPE,27,0.9713125
RF,TPE,28,0.9713125
RF,TPE,29,0.9713125
RF,TPE,30,0.9713125
RF,TPE,31,0.9713125
RF,TPE,32,0.9713125
RF,TPE,33,0.9713125
RF,TPE,34,0.9713125
RF,TPE,35,0.9713125
RF,TPE,36,0.9713125
RF,TPE,37,0.9713125
RF,TPE,38,0.9713125
RF,TPE,39,0.9713125
RF,TPE,40,0.9713125
RF,TPE,41,0.9713125
RF,TPE,42,0.9713125
RF,TPE,43,0.9728333333333332
RF,TPE,44,0.9728333333333332
RF,TPE,45,0.9728333333333332
RF,TPE,46,0.9728333333333332
RF,TPE,47,0.9728333333333332
RF,TPE,48,0.9728333333333332
RF,TPE,49,0.9728333333333332
RF,TPE,50,0.9728333333333332
RF,GWO,1,0.9372916666666666
RF,GWO,2,0.9549375
RF,GWO,3,0.9549375
RF,GWO,4,0.9549375
RF,GWO,5,0.9549375
RF,GWO,6,0.9549375
RF,GWO,7,0.9635416666666669
RF,GWO,8,0.9635416666666669
RF,GWO,9,0.9635416666666669
RF,GWO,10,0.9635416666666669
RF,GWO,11,0.9635416666666669
RF,GWO,12,0.9635416666666669
RF,GWO,13,0.9635416666666669
RF,GWO,14,0.9635416666666669
RF,GWO,15,0.9635416666666669
RF,GWO,16,0.9635416666666669
RF,GWO,17,0.9635416666666669
RF,GWO,18,0.9635416666666669
RF,GWO,19,0.9635416666666669
RF,GWO,20,0.9635416666666669
RF,GWO,21,0.9635416666666669
RF,GWO,22,0.9659583333333334
RF,GWO,23,0.9659583333333334
RF,GWO,24,0.9659583333333334
RF,GWO,25,0.9659583333333334
RF,GWO,26,0.9659583333333334
RF,GWO,27,0.9659583333333334
RF,GWO,28,0.9659583333333334
RF,GWO,29,0.9659583333333334
RF,GWO,30,0.9659583333333334
RF,GWO,31,0.9659583333333334
RF,GWO,32,0.9659583333333334
RF,GWO,33,0.9659583333333334
RF,GWO,34,0.9659583333333334
RF,GWO,35,0.9659583333333334
RF,GWO,36,0.97325
RF,GWO,37,0.97325
RF,GWO,38,0.97325
RF,GWO,39,0.97325
RF,GWO,40,0.97325
RF,GWO,41,0.97325
RF,GWO,42,0.97325
RF,GWO,43,0.97325
RF,GWO,44,0.97325
RF,GWO,45,0.97325
RF,GWO,46,0.97325
RF,GWO,47,0.97325
RF,GWO,48,0.97325
RF,GWO,49,0.97325
RF,GWO,50,0.97325
SGD,TPE,1,0.8949791666666667
SGD,TPE,2,0.8949791666666667
SGD,TPE,3,0.8949791666666667
SGD,TPE,4,0.8949791666666667
SGD,TPE,5,0.8949791666666667
SGD,TPE,6,0.8949791666666667
SGD,TPE,7,0.8949791666666667
SGD,TPE,8,0.8949791666666667
SGD,TPE,9,0.8949791666666667
SGD,TPE,10,0.8949791666666667
SGD,TPE,11,0.8949791666666667
SGD,TPE,12,0.8949791666666667
SGD,TPE,13,0.8949791666666667
SGD,TPE,14,0.8949791666666667
SGD,TPE,15,0.8949791666666667
SGD,TPE,16,0.8949791666666667
SGD,TPE,17,0.8949791666666667
SGD,TPE,18,0.8949791666666667
SGD,TPE,19,0.8949791666666667
SGD,TPE,20,0.8949791666666667
SGD,TPE,21,0.8949791666666667
SGD,TPE,22,0.8957499999999999
SGD,TPE,23,0.8957499999999999
SGD,TPE,24,0.8957708333333333
SGD,TPE,25,0.8960625
SGD,TPE,26,0.8960625
SGD,TPE,27,0.8960625
SGD,TPE,28,0.8960625
SGD,TPE,29,0.8960625
SGD,TPE,30,0.8960625
SGD,TPE,31,0.8961874999999999
SGD,TPE,32,0.8961874999999999
SGD,TPE,33,0.8961874999999999
SGD,TPE,34,0.8962291666666667
SGD,TPE,35,0.8962291666666667
SGD,TPE,36,0.8962291666666667
SGD,TPE,37,0.8962291666666667
SGD,TPE,38,0.8962291666666667
SGD,TPE,39,0.8962291666666667
SGD,TPE,40,0.8962291666666667
SGD,TPE,41,0.8962291666666667
SGD,TPE,42,0.8962291666666667
SGD,TPE,43,0.8962291666666667
SGD,TPE,44,0.8962291666666667
SGD,TPE,45,0.8962291666666667
SGD,TPE,46,0.8962291666666667
SGD,TPE,47,0.8962291666666667
SGD,TPE,48,0.8962291666666667
SGD,TPE,49,0.8962291666666667
SGD,TPE,50,0.8962291666666667
SGD,GWO,1,0.8815625
SGD,GWO,2,0.8815625
SGD,GWO,3,0.8853541666666667
SGD,GWO,4,0.8853541666666667
SGD,GWO,5,0.8926458333333332
SGD,GWO,6,0.8926458333333332
SGD,GWO,7,0.8926458333333332
SGD,GWO,8,0.8926458333333332
SGD,GWO,9,0.8926458333333332
SGD,GWO,10,0.8926458333333332
SGD,GWO,11,0.8926458333333332
SGD,GWO,12,0.8926458333333332
SGD,GWO,13,0.8926458333333332
SGD,GWO,14,0.8926458333333332
SGD,GWO,15,0.8926458333333332
SGD,GWO,16,0.8926458333333332
SGD,GWO,17,0.8926458333333332
SGD,GWO,18,0.8926458333333332
SGD,GWO,19,0.8926458333333332
SGD,GWO,20,0.8926458333333332
SGD,GWO,21,0.8926458333333332
SGD,GWO,22,0.8926458333333332
SGD,GWO,23,0.8926458333333332
SGD,GWO,24,0.8926458333333332
SGD,GWO,25,0.8926458333333332
SGD,GWO,26,0.8926458333333332
SGD,GWO,27,0.8926458333333332
SGD,GWO,28,0.8926458333333332
SGD,GWO,29,0.8926458333333332
SGD,GWO,30,0.8936875000000001
SGD,GWO,31,0.8936875000000001
SGD,GWO,32,0.8936875000000001
SGD,GWO,33,0.8936875000000001
SGD,GWO,34,0.8936875000000001
SGD,GWO,35,0.8939999999999999
SGD,GWO,36,0.8939999999999999
SGD,GWO,37,0.8939999999999999
SGD,GWO,38,0.8939999999999999
SGD,GWO,39,0.8939999999999999
SGD,GWO,40,0.8939999999999999
SGD,GWO,41,0.8939999999999999
SGD,GWO,42,0.8939999999999999
SGD,GWO,43,0.8939999999999999
SGD,GWO,44,0.8939999999999999
SGD,GWO,45,0.8939999999999999
SGD,GWO,46,0.8939999999999999
SGD,GWO,47,0.8939999999999999
SGD,GWO,48,0.8939999999999999
SGD,GWO,49,0.8939999999999999
SGD,GWO,50,0.8939999999999999
SVM,TPE,1,0.7210208333333334
SVM,TPE,2,0.9855625
SVM,TPE,3,0.9855625
SVM,TPE,4,0.9855625
SVM,TPE,5,0.9855625
SVM,TPE,6,0.9855625
SVM,TPE,7,0.9855625
SVM,TPE,8,0.9855625
SVM,TPE,9,0.9855625
SVM,TPE,10,0.9855625
SVM,TPE,11,0.992875
SVM,TPE,12,0.992875
SVM,TPE,13,0.9931458333333334
SVM,TPE,14,0.99325
SVM,TPE,15,0.99325
SVM,TPE,16,0.9933333333333334
SVM,TPE,17,0.9933333333333334
SVM,TPE,18,0.9933333333333334
SVM,TPE,19,0.9933333333333334
SVM,TPE,20,0.9933333333333334
SVM,TPE,21,0.9933333333333334
SVM,TPE,22,0.9933333333333334
SVM,TPE,23,0.9933333333333334
SVM,TPE,24,0.9933333333333334
SVM,TPE,25,0.9933333333333334
SVM,TPE,26,0.9933333333333334
SVM,TPE,27,0.9933333333333334
SVM,TPE,28,0.9933333333333334
SVM,TPE,29,0.9933333333333334
SVM,TPE,30,0.9933333333333334
SVM,TPE,31,0.9933333333333334
SVM,TPE,32,0.9933333333333334
SVM,TPE,33,0.9933333333333334
SVM,TPE,34,0.9933333333333334
SVM,TPE,35,0.9933333333333334
SVM,TPE,36,0.9933333333333334
SVM,TPE,37,0.9933333333333334
SVM,TPE,38,0.9933333333333334
SVM,TPE,39,0.9933333333333334
SVM,TPE,40,0.9933333333333334
SVM,TPE,41,0.9933333333333334
SVM,TPE,42,0.9933333333333334
SVM,TPE,43,0.9933333333333334
SVM,TPE,44,0.9933333333333334
SVM,TPE,45,0.9933333333333334
SVM,TPE,46,0.9933333333333334
SVM,TPE,47,0.9933333333333334
SVM,TPE,48,0.9933333333333334
SVM,TPE,49,0.9933333333333334
SVM,TPE,50,0.9933333333333334
SVM,GWO,1,0.99175
SVM,GWO,2,0.9930416666666666
SVM,GWO,3,0.9930416666666666
SVM,GWO,4,0.9930416666666666
SVM,GWO,5,0.9930416666666666
SVM,GWO,6,0.9930416666666666
SVM,GWO,7,0.9930416666666666
SVM,GWO,8,0.9930416666666666
SVM,GWO,9,0.9930416666666666
SVM,GWO,10,0.9930416666666666
SVM,GWO,11,0.99325
SVM,GWO,12,0.99325
SVM,GWO,13,0.99325
SVM,GWO,14,0.99325
SVM,GWO,15,0.99325
SVM,GWO,16,0.99325
SVM,GWO,17,0.99325
SVM,GWO,18,0.9943541666666668
SVM,GWO,19,0.9943541666666668
SVM,GWO,20,0.9943541666666668
SVM,GWO,21,0.9944166666666666
SVM,GWO,22,0.9944166666666666
SVM,GWO,23,0.9944166666666666
SVM,GWO,24,0.9944166666666666
SVM,GWO,25,0.9944166666666666
SVM,GWO,26,0.9944166666666666
SVM,GWO,27,0.9944166666666666
SVM,GWO,28,0.9944166666666666
SVM,GWO,29,0.9944166666666666
SVM,GWO,30,0.9944166666666666
SVM,GWO,31,0.9944166666666666
SVM,GWO,32,0.9944166666666666
SVM,GWO,33,0.9944583333333334
SVM,GWO,34,0.9944583333333334
SVM,GWO,35,0.9944583333333334
SVM,GWO,36,0.9944583333333334
SVM,GWO,37,0.9944583333333334
SVM,GWO,38,0.9944583333333334
SVM,GWO,39,0.9944583333333334
SVM,GWO,40,0.9944583333333334
SVM,GWO,41,0.9944583333333334
SVM,GWO,42,0.9944583333333334
SVM,GWO,43,0.9944583333333334
SVM,GWO,44,0.9944583333333334
SVM,GWO,45,0.9944583333333334
SVM,GWO,46,0.9944583333333334
SVM,GWO,47,0.9944583333333334
SVM,GWO,48,0.9944583333333334
SVM,GWO,49,0.9944583333333334
SVM,GWO,50,0.9944583333333334
XGB,TPE,1,0.971375
XGB,TPE,2,0.9851458333333334
XGB,TPE,3,0.9851458333333334
XGB,TPE,4,0.9851458333333334
XGB,TPE,5,0.9866041666666666
XGB,TPE,6,0.9866041666666666
XGB,TPE,7,0.9866041666666666
XGB,TPE,8,0.9866041666666666
XGB,TPE,9,0.9866041666666666
XGB,TPE,10,0.9866041666666666
XGB,TPE,11,0.99
XGB,TPE,12,0.990125
XGB,TPE,13,0.990125
XGB,TPE,14,0.990125
XGB,TPE,15,0.9907708333333334
XGB,TPE,16,0.9907708333333334
XGB,TPE,17,0.9907708333333334
XGB,TPE,18,0.9907708333333334
XGB,TPE,19,0.9907708333333334
XGB,TPE,20,0.9907708333333334
XGB,TPE,21,0.9907708333333334
XGB,TPE,22,0.9907708333333334
XGB,TPE,23,0.9907708333333334
XGB,TPE,24,0.9907708333333334
XGB,TPE,25,0.9907708333333334
XGB,TPE,26,0.9907708333333334
XGB,TPE,27,0.9907708333333334
XGB,TPE,28,0.9907708333333334
XGB,TPE,29,0.9907708333333334
XGB,TPE,30,0.9907708333333334
XGB,TPE,31,0.9907708333333334
XGB,TPE,32,0.9907708333333334
XGB,TPE,33,0.9907708333333334
XGB,TPE,34,0.9909375
XGB,TPE,35,0.9909375
XGB,TPE,36,0.9909375
XGB,TPE,37,0.9909375
XGB,TPE,38,0.9909375
XGB,TPE,39,0.9909375
XGB,TPE,40,0.9909375
XGB,TPE,41,0.9909375
XGB,TPE,42,0.9909375
XGB,TPE,43,0.9909375
XGB,TPE,44,0.9909375
XGB,TPE,45,0.9909375
XGB,TPE,46,0.9909375
XGB,TPE,47,0.9909375
XGB,TPE,48,0.9909583333333332
XGB,TPE,49,0.9909583333333332
XGB,TPE,50,0.9909583333333332
XGB,GWO,1,0.9767291666666664
XGB,GWO,2,0.9796666666666668
XGB,GWO,3,0.9796666666666668
XGB,GWO,4,0.9855416666666666
XGB,GWO,5,0.9855416666666666
XGB,GWO,6,0.9855416666666666
XGB,GWO,7,0.9855416666666666
XGB,GWO,8,0.9855416666666666
XGB,GWO,9,0.9855416666666666
XGB,GWO,10,0.9855416666666666
XGB,GWO,11,0.9855416666666666
XGB,GWO,12,0.9855416666666666
XGB,GWO,13,0.9855416666666666
XGB,GWO,14,0.9855416666666666
XGB,GWO,15,0.9875
XGB,GWO,16,0.9875
XGB,GWO,17,0.9875
XGB,GWO,18,0.9875
XGB,GWO,19,0.9875
XGB,GWO,20,0.9875
XGB,GWO,21,0.9875
XGB,GWO,22,0.9875
XGB,GWO,23,0.9875
XGB,GWO,24,0.9875
XGB,GWO,25,0.9875
XGB,GWO,26,0.9875
XGB,GWO,27,0.9888541666666668
XGB,GWO,28,0.9888541666666668
XGB,GWO,29,0.9888541666666668
XGB,GWO,30,0.9888541666666668
XGB,GWO,31,0.9888541666666668
XGB,GWO,32,0.9888541666666668
XGB,GWO,33,0.9888541666666668
XGB,GWO,34,0.9888541666666668
XGB,GWO,35,0.9888541666666668
XGB,GWO,36,0.9888541666666668
XGB,GWO,37,0.9888541666666668
XGB,GWO,38,0.9902708333333332
XGB,GWO,39,0.9902708333333332
XGB,GWO,40,0.9902708333333332
XGB,GWO,41,0.9902708333333332
XGB,GWO,42,0.9902708333333332
XGB,GWO,43,0.9902708333333332
XGB,GWO,44,0.9902708333333332
XGB,GWO,45,0.9902708333333332
XGB,GWO,46,0.9902708333333332
XGB,GWO,47,0.9902708333333332
XGB,GWO,48,0.9902708333333332
XGB,GWO,49,0.9902708333333332
XGB,GWO,50,0.9905
